{"one":{"top":{"index":[0,1,2],"position":[91.91485595703125,-1977.4500732421875,1506.2259521484375,-91.91471099853516,-1977.4500732421875,1506.225830078125,91.86734008789062,1987.357421875,1493.138916015625],"objectList":{}},"bottom":{"index":[0,1,2],"position":[91.90770721435547,-1978.9447021484375,1006.2281494140625,-91.9076156616211,-1978.9447021484375,1006.2281494140625,91.86013793945312,1985.55126953125,993.14208984375],"objectList":{}},"side":{"index":[0,1,0,1,1,0,1,2,1,2,2,1,2,0,2,0,0,2],"position":[91.90770721435547,-1978.9447021484375,1006.2281494140625,-91.9076156616211,-1978.9447021484375,1006.2281494140625,91.91485595703125,-1977.4500732421875,1506.2259521484375,-91.9076156616211,-1978.9447021484375,1006.2281494140625,-91.91471099853516,-1977.4500732421875,1506.225830078125,91.91485595703125,-1977.4500732421875,1506.2259521484375,-91.9076156616211,-1978.9447021484375,1006.2281494140625,91.86013793945312,1985.55126953125,993.14208984375,-91.91471099853516,-1977.4500732421875,1506.225830078125,91.86013793945312,1985.55126953125,993.14208984375,91.86734008789062,1987.357421875,1493.138916015625,-91.91471099853516,-1977.4500732421875,1506.225830078125,91.86013793945312,1985.55126953125,993.14208984375,91.90770721435547,-1978.9447021484375,1006.2281494140625,91.86734008789062,1987.357421875,1493.138916015625,91.90770721435547,-1978.9447021484375,1006.2281494140625,91.91485595703125,-1977.4500732421875,1506.2259521484375,91.86734008789062,1987.357421875,1493.138916015625],"objectList":{"0_1":{"index":[0,1],"show":0},"1_2":{"index":[1,2],"show":0},"0_2":{"index":[2,0],"show":0}}},"topNetworks":{"index":[0,1,1,2,2,0],"position":[91.89324951171875,-1981.933837890625,6.232605934143066,-91.89319610595703,-1981.933837890625,6.232553958892822,-91.89319610595703,-1981.933837890625,6.232553958892822,91.89324951171875,-1981.933837890625,6.232605934143066,91.84574890136719,1981.93896484375,-6.851393222808838,91.84574890136719,1981.93896484375,-6.851393222808838],"objectList":{"0_1":[0,1],"1_2":[1,2],"0_2":[2,0]}},"bottomNetworks":{"index":[0,1,1,2,2,0],"position":[91.89324951171875,-1981.933837890625,6.232605934143066,-91.89319610595703,-1981.933837890625,6.232553958892822,-91.89319610595703,-1981.933837890625,6.232553958892822,91.89324951171875,-1981.933837890625,6.232605934143066,91.84574890136719,1981.93896484375,-6.851393222808838,91.84574890136719,1981.93896484375,-6.851393222808838],"objectList":{"0_1":[0,1],"1_2":[1,2],"0_2":[2,0]}},"sideNetworks":{"index":[null,null,null,null,null,null],"position":[91.89324951171875,-1981.933837890625,6.232605934143066,91.89324951171875,-1981.933837890625,6.232605934143066,-91.89319610595703,-1981.933837890625,6.232553958892822,-91.89319610595703,-1981.933837890625,6.232553958892822,91.84574890136719,1981.93896484375,-6.851393222808838,91.84574890136719,1981.93896484375,-6.851393222808838],"objectList":{"0_0":{"index":[0,0],"show":0},"1_1":{"index":[1,1],"show":0},"2_2":{"index":[2,2],"show":0}}},"frameLines":{"index":[],"position":[],"objectList":{}}},"two":{"top":{"index":[0,1,2],"position":[91.90770721435547,-1978.9447021484375,1006.2281494140625,-91.9076156616211,-1978.9447021484375,1006.2281494140625,91.86013793945312,1985.55126953125,993.14208984375],"objectList":{}},"bottom":{"index":[0,1,2],"position":[91.90045166015625,-1980.4393310546875,506.2303161621094,-91.90040588378906,-1980.4393310546875,506.2303161621094,91.85295104980469,1983.7451171875,493.14532470703125],"objectList":{}},"side":{"index":[0,1,0,1,1,0,1,2,1,2,2,1,2,0,2,0,0,2],"position":[91.89324951171875,-1981.933837890625,6.232605934143066,-91.89319610595703,-1981.933837890625,6.232553958892822,91.90045166015625,-1980.4393310546875,506.2303161621094,-91.89319610595703,-1981.933837890625,6.232553958892822,-91.90040588378906,-1980.4393310546875,506.2303161621094,91.90045166015625,-1980.4393310546875,506.2303161621094,-91.89319610595703,-1981.933837890625,6.232553958892822,91.84574890136719,1981.93896484375,-6.851393222808838,-91.90040588378906,-1980.4393310546875,506.2303161621094,91.84574890136719,1981.93896484375,-6.851393222808838,91.85295104980469,1983.7451171875,493.14532470703125,-91.90040588378906,-1980.4393310546875,506.2303161621094,91.84574890136719,1981.93896484375,-6.851393222808838,91.89324951171875,-1981.933837890625,6.232605934143066,91.85295104980469,1983.7451171875,493.14532470703125,91.89324951171875,-1981.933837890625,6.232605934143066,91.90045166015625,-1980.4393310546875,506.2303161621094,91.85295104980469,1983.7451171875,493.14532470703125],"objectList":{"0_1":{"index":[0,1],"show":0},"1_2":{"index":[1,2],"show":0},"0_2":{"index":[2,0],"show":0}}},"topNetworks":{"index":[0,1,1,2,2,0],"position":[91.89324951171875,-1981.933837890625,6.232605934143066,-91.89319610595703,-1981.933837890625,6.232553958892822,-91.89319610595703,-1981.933837890625,6.232553958892822,91.89324951171875,-1981.933837890625,6.232605934143066,91.84574890136719,1981.93896484375,-6.851393222808838,91.84574890136719,1981.93896484375,-6.851393222808838],"objectList":{"0_1":[0,1],"1_2":[1,2],"0_2":[2,0]}},"bottomNetworks":{"index":[0,1,1,2,2,0],"position":[91.89324951171875,-1981.933837890625,6.232605934143066,-91.89319610595703,-1981.933837890625,6.232553958892822,-91.89319610595703,-1981.933837890625,6.232553958892822,91.89324951171875,-1981.933837890625,6.232605934143066,91.84574890136719,1981.93896484375,-6.851393222808838,91.84574890136719,1981.93896484375,-6.851393222808838],"objectList":{"0_1":[0,1],"1_2":[1,2],"0_2":[2,0]}},"sideNetworks":{"index":[null,null,null,null,null,null],"position":[91.89324951171875,-1981.933837890625,6.232605934143066,91.89324951171875,-1981.933837890625,6.232605934143066,-91.89319610595703,-1981.933837890625,6.232553958892822,-91.89319610595703,-1981.933837890625,6.232553958892822,91.84574890136719,1981.93896484375,-6.851393222808838,91.84574890136719,1981.93896484375,-6.851393222808838],"objectList":{"0_0":{"index":[0,0],"show":0},"1_1":{"index":[1,1],"show":0},"2_2":{"index":[2,2],"show":0}}},"frameLines":{"index":[],"position":[],"objectList":{}}},"three":{"top":{"index":[0,1,2],"position":[91.90045166015625,-1980.4393310546875,506.2303161621094,-91.90040588378906,-1980.4393310546875,506.2303161621094,91.85295104980469,1983.7451171875,493.14532470703125],"objectList":{}},"bottom":{"index":[0,1,2],"position":[91.89324951171875,-1981.933837890625,6.232605934143066,-91.89319610595703,-1981.933837890625,6.232553958892822,91.84574890136719,1981.93896484375,-6.851393222808838],"objectList":{}},"side":{"index":[0,1,0,1,1,0,1,2,1,2,2,1,2,0,2,0,0,2],"position":[91.89324951171875,-1981.933837890625,6.232605934143066,-91.89319610595703,-1981.933837890625,6.232553958892822,91.90045166015625,-1980.4393310546875,506.2303161621094,-91.89319610595703,-1981.933837890625,6.232553958892822,-91.90040588378906,-1980.4393310546875,506.2303161621094,91.90045166015625,-1980.4393310546875,506.2303161621094,-91.89319610595703,-1981.933837890625,6.232553958892822,91.84574890136719,1981.93896484375,-6.851393222808838,-91.90040588378906,-1980.4393310546875,506.2303161621094,91.84574890136719,1981.93896484375,-6.851393222808838,91.85295104980469,1983.7451171875,493.14532470703125,-91.90040588378906,-1980.4393310546875,506.2303161621094,91.84574890136719,1981.93896484375,-6.851393222808838,91.89324951171875,-1981.933837890625,6.232605934143066,91.85295104980469,1983.7451171875,493.14532470703125,91.89324951171875,-1981.933837890625,6.232605934143066,91.90045166015625,-1980.4393310546875,506.2303161621094,91.85295104980469,1983.7451171875,493.14532470703125],"objectList":{"0_1":{"index":[0,1],"show":0},"1_2":{"index":[1,2],"show":0},"0_2":{"index":[2,0],"show":0}}},"topNetworks":{"index":[0,1,1,2,2,0],