{"one":{"top":{"index":[0,1,2],"position":[-1285.701904296875,-1977.3431396484375,1506.0968017578125,1285.701904296875,-1977.3431396484375,1506.0968017578125,-1285.037841796875,1987.464111328125,1493.0101318359375],"objectList":{}},"bottom":{"index":[0,1,2],"position":[-1285.601318359375,-1978.8377685546875,1006.0990600585938,1285.601318359375,-1978.837890625,1006.0989990234375,-1284.937255859375,1985.6578369140625,993.0133056640625],"objectList":{}},"side":{"index":[0,1,0,1,1,0,1,2,1,2,2,1,2,0,2,0,0,2],"position":[-1285.601318359375,-1978.8377685546875,1006.0990600585938,1285.601318359375,-1978.837890625,1006.0989990234375,-1285.701904296875,-1977.3431396484375,1506.0968017578125,1285.601318359375,-1978.837890625,1006.0989990234375,1285.701904296875,-1977.3431396484375,1506.0968017578125,-1285.701904296875,-1977.3431396484375,1506.0968017578125,1285.601318359375,-1978.837890625,1006.0989990234375,-1284.937255859375,1985.6578369140625,993.0133056640625,1285.701904296875,-1977.3431396484375,1506.0968017578125,-1284.937255859375,1985.6578369140625,993.0133056640625,-1285.037841796875,1987.464111328125,1493.0101318359375,1285.701904296875,-1977.3431396484375,1506.0968017578125,-1284.937255859375,1985.6578369140625,993.0133056640625,-1285.601318359375,-1978.8377685546875,1006.0990600585938,-1285.037841796875,1987.464111328125,1493.0101318359375,-1285.601318359375,-1978.8377685546875,1006.0990600585938,-1285.701904296875,-1977.3431396484375,1506.0968017578125,-1285.037841796875,1987.464111328125,1493.0101318359375],"objectList":{"0_1":{"index":[0,1],"show":0},"1_2":{"index":[1,2],"show":0},"0_2":{"index":[2,0],"show":0}}},"topNetworks":{"index":[0,1,1,2,2,0],"position":[-1285.701904296875,-1977.3431396484375,1506.0968017578125,1285.701904296875,-1977.3431396484375,1506.0968017578125,1285.701904296875,-1977.3431396484375,1506.0968017578125,-1285.037841796875,1987.464111328125,1493.0101318359375,-1285.037841796875,1987.464111328125,1493.0101318359375,-1285.701904296875,-1977.3431396484375,1506.0968017578125],"objectList":{"0_1":[0,1],"1_2":[1,2],"0_2":[2,0]}},"bottomNetworks":{"index":[0,1,1,2,2,0],"position":[-1285.601318359375,-1978.8377685546875,1006.0990600585938,1285.601318359375,-1978.837890625,1006.0989990234375,1285.601318359375,-1978.837890625,1006.0989990234375,-1284.937255859375,1985.6578369140625,993.0133056640625,-1284.937255859375,1985.6578369140625,993.0133056640625,-1285.601318359375,-1978.8377685546875,1006.0990600585938],"objectList":{"0_1":[0,1],"1_2":[1,2],"0_2":[2,0]}},"sideNetworks":{"index":[0,0,1,1,2,2],"position":[-1285.701904296875,-1977.3431396484375,1506.0968017578125,-1285.601318359375,-1978.8377685546875,1006.0990600585938,1285.701904296875,-1977.3431396484375,1506.0968017578125,1285.601318359375,-1978.837890625,1006.0989990234375,-1285.037841796875,1987.464111328125,1493.0101318359375,-1284.937255859375,1985.6578369140625,993.0133056640625],"objectList":{"0_0":{"index":[0,0],"show":0},"1_1":{"index":[1,1],"show":0},"2_2":{"index":[2,2],"show":0}}},"frameLines":{"index":[],"position":[],"objectList":{}}},"two":{"top":{"index":[0,1,2],"position":[-1285.601318359375,-1978.8377685546875,1006.0990600585938,1285.601318359375,-1978.837890625,1006.0989990234375,-1284.937255859375,1985.6578369140625,993.0133056640625],"objectList":{}},"bottom":{"index":[0,1,2],"position":[-1285.500732421875,-1980.33251953125,506.10125732421875,1285.500732421875,-1980.33251953125,506.1011962890625,-1284.836669921875,1983.8516845703125,493.01654052734375],"objectList":{}},"side":{"index":[0,1,0,1,1,0,1,2,1,2,2,1,2,0,2,0,0,2],"position":[-1285.500732421875,-1980.33251953125,506.10125732421875,1285.500732421875,-1980.33251953125,506.1011962890625,-1285.601318359375,-1978.8377685546875,1006.0990600585938,1285.500732421875,-1980.33251953125,506.1011962890625,1285.601318359375,-1978.837890625,1006.0989990234375,-1285.601318359375,-1978.8377685546875,1006.0990600585938,1285.500732421875,-1980.33251953125,506.1011962890625,-1284.836669921875,1983.8516845703125,493.01654052734375,1285.601318359375,-1978.837890625,1006.0989990234375,-1284.836669921875,1983.8516845703125,493.01654052734375,-1284.937255859375,1985.6578369140625,993.0133056640625,1285.601318359375,-1978.837890625,1006.0989990234375,-1284.836669921875,1983.8516845703125,493.01654052734375,-1285.500732421875,-1980.33251953125,506.10125732421875,-1284.937255859375,1985.6578369140625,993.0133056640625,-1285.500732421875,-1980.33251953125,506.10125732421875,-1285.601318359375,-1978.8377685546875,1006.0990600585938,-1284.937255859375,1985.6578369140625,993.0133056640625],"objectList":{"0_1":{"index":[0,1],"show":0},"1_2":{"index":[1,2],"show":0},"0_2":{"index":[2,0],"show":0}}},"topNetworks":{"index":[0,1,1,2,2,0],"position":[-1285.601318359375,-1978.8377685546875,1006.0990600585938,1285.601318359375,-1978.837890625,1006.0989990234375,1285.601318359375,-1978.837890625,1006.0989990234375,-1284.937255859375,1985.6578369140625,993.0133056640625,-1284.937255859375,1985.6578369140625,993.0133056640625,-1285.601318359375,-1978.8377685546875,1006.0990600585938],"objectList":{"0_1":[0,1],"1_2":[1,2],"0_2":[2,0]}},"bottomNetworks":{"index":[0,1,1,2,2,0],"position":[-1285.500732421875,-1980.33251953125,506.10125732421875,1285.500732421875,-1980.33251953125,506.1011962890625,1285.500732421875,-1980.33251953125,506.1011962890625,-1284.836669921875,1983.8516845703125,493.01654052734375,-1284.836669921875,1983.8516845703125,493.01654052734375,-1285.500732421875,-1980.33251953125,506.10125732421875],"objectList":{"0_1":[0,1],"1_2":[1,2],"0_2":[2,0]}},"sideNetworks":{"index":[0,0,1,1,2,2],"position":[-1285.601318359375,-1978.8377685546875,1006.0990600585938,-1285.500732421875,-1980.33251953125,506.10125732421875,1285.601318359375,-1978.837890625,1006.0989990234375,1285.500732421875,-1980.33251953125,506.1011962890625,-1284.937255859375,1985.6578369140625,993.0133056640625,-1284.836669921875,1983.8516845703125,493.01654052734375],"objectList":{"0_0":{"index":[0,0],"show":0},"1_1":{"index":[1,1],"show":0},"2_2":{"index":[2,2],"show":0}}},"frameLines":{"index":[],"position":[],"objectList":{}}},"three":{"top":{"index":[0,1,2],"position":[-1285.500732421875,-1980.33251953125,506.10125732421875,1285.500732421875,-1980.33251953125,506.1011962890625,-1284.836669921875,1983.8516845703125,493.01654052734375],"objectList":{}},"bottom":{"index":[0,1,2],"position":[-1285.4000244140625,-1981.8270263671875,6.1034955978393555,1285.4000244140625,-1981.8270263671875,6.1034369468688965,-1284.736083984375,1982.0455322265625,-6.980199337005615],"objectList":{}},"side":{"index":[0,1,0,1,1,0,1,2,1,2,2,1,2,0,2,0,0,2],"position":[-1285.4000244140625,-1981.8270263671875,6.1034955978393555,1285.4000244140625,-1981.8270263671875,6.1034369468688965,-1285.500732421875,-1980.33251953125,506.10125732421875,1285.4000244140625,-1981.8270263671875,6.1034369468688965,1285.500732421875,-1980.33251953125,506.1011962890625,-1285.500732421875,-1980.33251953125,506.10125732421875,1285.4000244140625,-1981.8270263671875,6.1034369468688965,-1284.736083984375,1982.0455322265625,-6.980199337005615,1285.500732421875,-1980.33251953125,506.1011962890625,-1284.736083984375,1982.0455322265625,-6.980199337005615,-1284.836669921875,1983.8516845703125,493.01654052734375,1285.500732421875,-1980.33251953125,506.1011962890625,-1284.736083984375,1982.0455322265625,-6.980199337005615,-1285.4000244140625,-1981.8270263671875,6.1034955978393555,-1284.836669921875,1983.8516845703125,493.01654052734375,-1285.4000244140625,-1981.8270263671875,6.1034955978393555,-1285.500732421875,-1980.33251953125,506.10125732421875,-1284.836669921875,1983.8516845703125,493.01654052734375],"objectList":{"0_1":{"index":[0,1],"show":0},"1_2":{"index":[1,2],"show":0},"0_2":{"index":[2,0],"show":0}}},"topNetworks":{"index":[0,1,1,2,2,0],