{
    "one": {
        "top": {
            "index": [
                0,
                1,
                2
            ],
            "position": [
                -1285.701904296875,
                -1977.3431396484375,
                1506.0968017578125,
                1285.701904296875,
                -1977.3431396484375,
                1506.0968017578125,
                -1285.037841796875,
                1987.464111328125,
                1493.0101318359375
            ],
            "objectList": {}
        },
        "bottom": {
            "index": [
                0,
                1,
                2
            ],
            "position": [
                -1285.601318359375,
                -1978.8377685546875,
                1006.0990600585938,
                1285.601318359375,
                -1978.837890625,
                1006.0989990234375,
                -1284.937255859375,
                1985.6578369140625,
                993.0133056640625
            ],
            "objectList": {}
        },
        "side": {
            "index": [
                0,
                1,
                0,
                1,
                1,
                0,
                1,
                2,
                1,
                2,
                2,
                1,
                2,
                0,
                2,
                0,
                0,
                2
            ],
            "position": [
                -1285.601318359375,
                -1978.8377685546875,
                1006.0990600585938,
                1285.601318359375,
                -1978.837890625,
                1006.0989990234375,
                -1285.701904296875,
                -1977.3431396484375,
                1506.0968017578125,
                1285.601318359375,
                -1978.837890625,
                1006.0989990234375,
                1285.701904296875,
                -1977.3431396484375,
                1506.0968017578125,
                -1285.701904296875,
                -1977.3431396484375,
                1506.0968017578125,
                1285.601318359375,
                -1978.837890625,
                1006.0989990234375,
                -1284.937255859375,
                1985.6578369140625,
                993.0133056640625,
                1285.701904296875,
                -1977.3431396484375,
                1506.0968017578125,
                -1284.937255859375,
                1985.6578369140625,
                993.0133056640625,
                -1285.037841796875,
                1987.464111328125,
                1493.0101318359375,
                1285.701904296875,
                -1977.3431396484375,
                1506.0968017578125,
                -1284.937255859375,
                1985.6578369140625,
                993.0133056640625,
                -1285.601318359375,
                -1978.8377685546875,
                1006.0990600585938,
                -1285.037841796875,
                1987.464111328125,
                1493.0101318359375,
                -1285.601318359375,
                -1978.8377685546875,
                1006.0990600585938,
                -1285.701904296875,
                -1977.3431396484375,
                1506.0968017578125,
                -1285.037841796875,
                1987.464111328125,
                1493.0101318359375
            ],
            "objectList": null
        },
        "topNetworks": null,
        "bottomNetworks": null,
        "sideNetworks": null,
        "frameLines": {
            "index": [],
            "position": [],
            "objectList": {}
        },
        "networks": {
            "index": [
                0,
                1,
                1,
                2,
                2,
                0,
                0,
                1,
                1,
                2,
                2,
                0,
                0,
                0,
                1,
                1,
                2,
                2
            ],
            "position": [
                -1285.701904296875,
                -1977.3431396484375,
                1506.0968017578125,
                1285.701904296875,
                -1977.3431396484375,
                1506.0968017578125,
                1285.701904296875,
                -1977.3431396484375,
                1506.0968017578125,
                -1285.037841796875,
                1987.464111328125,
                1493.0101318359375,
                -1285.037841796875,
                1987.464111328125,
                1493.0101318359375,
                -1285.701904296875,
                -1977.3431396484375,
                1506.0968017578125,
                -1285.601318359375,
                -1978.8377685546875,
                1006.0990600585938,
                1285.601318359375,
                -1978.837890625,
                1006.0989990234375,
                1285.601318359375,
                -1978.837890625,
                1006.0989990234375,
                -1284.937255859375,
                1985.6578369140625,
                993.0133056640625,
                -1284.937255859375,
                1985.6578369140625,
                993.0133056640625,
                -1285.601318359375,
                -1978.8377685546875,
                1006.0990600585938,
                -1285.701904296875,
                -1977.3431396484375,
                1506.0968017578125,
                -1285.601318359375,
                -1978.8377685546875,
                1006.0990600585938,
                1285.701904296875,
                -1977.3431396484375,
                1506.0968017578125,
                1285.601318359375,
                -1978.837890625,
                1006.0989990234375,
                -1285.037841796875,
                1987.464111328125,
                1493.0101318359375,
                -1284.937255859375,
                1985.6578369140625,
                993.0133056640625
            ]
        }
    },
    "two": {
        "top": {
            "index": [
                0,
                1,
                2
            ],
            "position": [
                -1285.601318359375,
                -1978.8377685546875,
                1006.0990600585938,
                1285.601318359375,
                -1978.837890625,
                1006.0989990234375,
                -1284.937255859375,
                1985.6578369140625,
                993.0133056640625
            ],
            "objectList": {}
        },
        "bottom": {
            "index": [
                0,
                1,
                2
            ],
            "position": [
                -1285.500732421875,
                -1980.33251953125,
                506.10125732421875,
                1285.500732421875,
                -1980.33251953125,
                506.1011962890625,
                -1284.836669921875,
                1983.8516845703125,
                493.01654052734375
            ],
            "objectList": {}
        },
        "side": {
            "index": [
                0,
                1,
                0,
                1,
                1,
                0,
                1,
                2,
                1,
                2,
                2,
                1,
                2,
                0,
                2,
                0,
                0,
                2
            ],