{
    "dem": {
        "cellsize": 10.0,
        "coordinate_x": 432337.02572345,
        "coordinate_y": 4424524.0370811,
        "start_col": 0,
        "start_row": 0,
        "cols": 2650,
        "rows": 1605
    },
    "dataContent": {
        "DEM": {
            "global_MM": true,
            "max": 100.3722,
            "min": 22.97653,
            "filterKind": 1,
            "filterValue": [
                0.0,
                0.01
            ],
            "filter": false
        },
        "zbed": {
            "global_MM": true,
            "max": 344.45159889518396,
            "min": 0.0,
            "filterKind": 1,
            "filterValue": [
                0.0,
                0.01
            ],
            "filter": false
        },
        "U": {
            "global_MM": true,
            "max": 2.1788326709035064,
            "min": -0.9216353016329683,
            "filterKind": 1,
            "filterValue": [
                0.0,
                0.01
            ],
            "filter": false
        },
        "V": {
            "global_MM": true,
            "max": 2.668559864953267,
            "min": -1.6041612940586352,
            "filterKind": 1,
            "filterValue": [
                0.0,
                0.01
            ],
            "filter": false
        }
    },
    "data": [
        {
            "png": "/public/QH/721_133_nozero.png",
            "zbed": {
                "global_MM": true,
                "max": 344.45159889518396,
                "min": 0.0,
                "filterKind": 1,
                "filterValue": [
                    0.0,
                    0.01
                ],
                "filter": false
            },
            "U": {
                "global_MM": true,
                "max": 2.1788326709035064,
                "min": -0.9216353016329683,
                "filterKind": 1,
                "filterValue": [
                    0.0,
                    0.01
                ],
                "filter": false
            },
            "V": {
                "global_MM": true,
                "max": 2.668559864953267,
                "min": -1.6041612940586352,
                "filterKind": 1,
                "filterValue": [
                    0.0,
                    0.01
                ],
                "filter": false
            }
        }
    ]
}